Időpont;Név;Irányítószám;Életkor;E-mail cím; TAJ szám
8:00;Alwyn Danby;1017;97;adanbyni@imageshack.us;123465241
8:30;Torrin O'Cannovane;1017;96;tocannovaneg6@chicagotribune.com;123462604
9:00;Gerhardine Vautre;1017;93;gvautreri@tinyurl.com;123466688
9:30;Maddie Mark;1017;93;mmarkh6@hud.gov;123462965
10:00;Roze Pinard;1017;92;rpinardgb@chicagotribune.com;123462659
10:30;Maxwell Dy;1017;86;mdy7e@topsy.com;123459442
11:00;Gerianne MacCleod;1017;83;gmaccleod4v@java.com;123458531
11:30;Claiborn Slatford;1017;80;cslatfordda@tamu.edu;123461566
12:00;Birdie Jinkin;1017;76;bjinkina9@creativecommons.org;123460473
12:30;Kean Halford;1017;75;khalfordpo@paypal.com;123466028
13:00;Cara Catanheira;1017;70;ccatanheira1c@bloglines.com;123457266
13:30;Mireielle Renoden;1017;69;mrenodenob@ucla.edu;123465533
14:00;Phyllida Hovell;1017;59;phovell6d@myspace.com;123459071
14:30;Andeee Ruggen;1017;58;aruggenj7@tinyurl.com;123463694
15:00;Ford Cottam;1017;58;fcottam2m@answers.com;123457723
15:30;Alano Damp;1017;56;adamp8w@admin.ch;123459985
